{"LAA": {"win_percentage": 45.06172839506173, "runs": 739.0}, "ARI": {"win_percentage": 51.85185185185185, "runs": 746.0}, "ATL": {"win_percentage": 64.19753086419753, "runs": 947.0}, "BAL": {"win_percentage": 62.34567901234568, "runs": 807.0}, "BOS": {"win_percentage": 48.148148148148145, "runs": 772.0}, "CHC": {"win_percentage": 51.23456790123457, "runs": 819.0}, "CHW": {"win_percentage": 37.65432098765432, "runs": 641.0}, "CIN": {"win_percentage": 50.617283950617285, "runs": 783.0}, "CLE": {"win_percentage": 46.913580246913575, "runs": 662.0}, "COL": {"win_percentage": 36.41975308641975, "runs": 721.0}, "DET": {"win_percentage": 48.148148148148145, "runs": 661.0}, "MIA": {"win_percentage": 51.85185185185185, "runs": 666.0}, "HOU": {"win_percentage": 55.55555555555556, "runs": 827.0}, "KCR": {"win_percentage": 34.5679012345679, "runs": 676.0}, "LAD": {"win_percentage": 61.72839506172839, "runs": 906.0}, "MIL": {"win_percentage": 56.79012345679012, "runs": 728.0}, "MIN": {"win_percentage": 53.70370370370371, "runs": 778.0}, "NYM": {"win_percentage": 46.2962962962963, "runs": 717.0}, "NYY": {"win_percentage": 50.617283950617285, "runs": 673.0}, "OAK": {"win_percentage": 30.864197530864196, "runs": 585.0}, "PHI": {"win_percentage": 55.55555555555556, "runs": 796.0}, "PIT": {"win_percentage": 46.913580246913575, "runs": 692.0}, "SDP": {"win_percentage": 50.617283950617285, "runs": 752.0}, "SEA": {"win_percentage": 54.32098765432099, "runs": 758.0}, "SFG": {"win_percentage": 48.76543209876543, "runs": 674.0}, "STL": {"win_percentage": 43.82716049382716, "runs": 719.0}, "TBR": {"win_percentage": 61.111111111111114, "runs": 860.0}, "TEX": {"win_percentage": 55.55555555555556, "runs": 881.0}, "TOR": {"win_percentage": 54.93827160493827, "runs": 746.0}, "WSN": {"win_percentage": 43.82716049382716, "runs": 700.0}}