{"LAA": {"win_percentage": 0.4506172839506173, "run_differential": -90.0}, "ARI": {"win_percentage": 0.5185185185185185, "run_differential": -15.0}, "ATL": {"win_percentage": 0.6419753086419753, "run_differential": 231.0}, "BAL": {"win_percentage": 0.6234567901234568, "run_differential": 129.0}, "BOS": {"win_percentage": 0.48148148148148145, "run_differential": -4.0}, "CHC": {"win_percentage": 0.5123456790123457, "run_differential": 96.0}, "CHW": {"win_percentage": 0.3765432098765432, "run_differential": -200.0}, "CIN": {"win_percentage": 0.5061728395061729, "run_differential": -38.0}, "CLE": {"win_percentage": 0.4691358024691358, "run_differential": -35.0}, "COL": {"win_percentage": 0.36419753086419754, "run_differential": -236.0}, "DET": {"win_percentage": 0.48148148148148145, "run_differential": -79.0}, "MIA": {"win_percentage": 0.5185185185185185, "run_differential": -57.0}, "HOU": {"win_percentage": 0.5555555555555556, "run_differential": 129.0}, "KCR": {"win_percentage": 0.345679012345679, "run_differential": -183.0}, "LAD": {"win_percentage": 0.6172839506172839, "run_differential": 207.0}, "MIL": {"win_percentage": 0.5679012345679012, "run_differential": 81.0}, "MIN": {"win_percentage": 0.5370370370370371, "run_differential": 119.0}, "NYM": {"win_percentage": 0.46296296296296297, "run_differential": -12.0}, "NYY": {"win_percentage": 0.5061728395061729, "run_differential": -25.0}, "OAK": {"win_percentage": 0.30864197530864196, "run_differential": -339.0}, "PHI": {"win_percentage": 0.5555555555555556, "run_differential": 81.0}, "PIT": {"win_percentage": 0.4691358024691358, "run_differential": -98.0}, "SDP": {"win_percentage": 0.5061728395061729, "run_differential": 104.0}, "SEA": {"win_percentage": 0.5432098765432098, "run_differential": 99.0}, "SFG": {"win_percentage": 0.4876543209876543, "run_differential": -45.0}, "STL": {"win_percentage": 0.4382716049382716, "run_differential": -110.0}, "TBR": {"win_percentage": 0.6111111111111112, "run_differential": 195.0}, "TEX": {"win_percentage": 0.5555555555555556, "run_differential": 165.0}, "TOR": {"win_percentage": 0.5493827160493827, "run_differential": 75.0}, "WSN": {"win_percentage": 0.4382716049382716, "run_differential": -145.0}}