{"LAA": {"win_percentage": 45.06172839506173, "runs_for": 739.0, "runs_against": 829.0}, "ARI": {"win_percentage": 51.85185185185185, "runs_for": 746.0, "runs_against": 761.0}, "ATL": {"win_percentage": 64.19753086419753, "runs_for": 947.0, "runs_against": 716.0}, "BAL": {"win_percentage": 62.34567901234568, "runs_for": 807.0, "runs_against": 678.0}, "BOS": {"win_percentage": 48.148148148148145, "runs_for": 772.0, "runs_against": 776.0}, "CHC": {"win_percentage": 51.23456790123457, "runs_for": 819.0, "runs_against": 723.0}, "CHW": {"win_percentage": 37.65432098765432, "runs_for": 641.0, "runs_against": 841.0}, "CIN": {"win_percentage": 50.617283950617285, "runs_for": 783.0, "runs_against": 821.0}, "CLE": {"win_percentage": 46.913580246913575, "runs_for": 662.0, "runs_against": 697.0}, "COL": {"win_percentage": 36.41975308641975, "runs_for": 721.0, "runs_against": 957.0}, "DET": {"win_percentage": 48.148148148148145, "runs_for": 661.0, "runs_against": 740.0}, "MIA": {"win_percentage": 51.85185185185185, "runs_for": 666.0, "runs_against": 723.0}, "HOU": {"win_percentage": 55.55555555555556, "runs_for": 827.0, "runs_against": 698.0}, "KCR": {"win_percentage": 34.5679012345679, "runs_for": 676.0, "runs_against": 859.0}, "LAD": {"win_percentage": 61.72839506172839, "runs_for": 906.0, "runs_against": 699.0}, "MIL": {"win_percentage": 56.79012345679012, "runs_for": 728.0, "runs_against": 647.0}, "MIN": {"win_percentage": 53.70370370370371, "runs_for": 778.0, "runs_against": 659.0}, "NYM": {"win_percentage": 46.2962962962963, "runs_for": 717.0, "runs_against": 729.0}, "NYY": {"win_percentage": 50.617283950617285, "runs_for": 673.0, "runs_against": 698.0}, "OAK": {"win_percentage": 30.864197530864196, "runs_for": 585.0, "runs_against": 924.0}, "PHI": {"win_percentage": 55.55555555555556, "runs_for": 796.0, "runs_against": 715.0}, "PIT": {"win_percentage": 46.913580246913575, "runs_for": 692.0, "runs_against": 790.0}, "SDP": {"win_percentage": 50.617283950617285, "runs_for": 752.0, "runs_against": 648.0}, "SEA": {"win_percentage": 54.32098765432099, "runs_for": 758.0, "runs_against": 659.0}, "SFG": {"win_percentage": 48.76543209876543, "runs_for": 674.0, "runs_against": 719.0}, "STL": {"win_percentage": 43.82716049382716, "runs_for": 719.0, "runs_against": 829.0}, "TBR": {"win_percentage": 61.111111111111114, "runs_for": 860.0, "runs_against": 665.0}, "TEX": {"win_percentage": 55.55555555555556, "runs_for": 881.0, "runs_against": 716.0}, "TOR": {"win_percentage": 54.93827160493827, "runs_for": 746.0, "runs_against": 671.0}, "WSN": {"win_percentage": 43.82716049382716, "runs_for": 700.0, "runs_against": 845.0}}